DocNum,DocDate,DocDueDate,CardCode,NumAtCard,Comments,SalesPersonCode,Series,Original Invoice. No.,Original Invoice. Date
DocNum,DocDate,DocDueDate,CardCode,Credit Note Voucher No,Remarks,SlpCode,Series,Original Invoice. No.,Original Invoice. Date
5005,20221224,20221224,CMH00077,CN/TG/0264,Sales Return GST,340,TS,BIOFAC/TG/002251,20221207
5006,20220901,20220901,CMH00059,CN/TG/0147,Sales Return GST,334,TS,BIOFAC/TG/001047,20220901
5007,20221001,20221001,CMH00059,CN/TG/0225,Sales Return GST,334,TS,BIOFAC/TG/001369,20220924
5008,20221021,20221021,CMH00059,CN/TG/0222,Sales Return GST,334,TS,BIOFAC/TG/001691,20221021
5009,20221224,20221224,CMH00057,CN/TG/0263,Sales Return GST,338,TS,BIOFAC/TG/002376,20221222
